run_id,iter,checkpoint_path,cum_env_steps
ppo_kaz_2025-08-31_11-04-47_seed111,0,C:\Users\benja\Desktop\ML\ml-project-r0890563\src\PPO-M\results,1280
ppo_kaz_2025-08-31_11-04-47_seed111,5,C:\Users\benja\Desktop\ML\ml-project-r0890563\src\PPO-M\results,3840
ppo_kaz_2025-08-31_11-04-47_seed111,10,C:\Users\benja\Desktop\ML\ml-project-r0890563\src\PPO-M\results,6400
ppo_kaz_2025-08-31_11-04-47_seed111,15,C:\Users\benja\Desktop\ML\ml-project-r0890563\src\PPO-M\results,8960
ppo_kaz_2025-08-31_11-04-47_seed111,20,C:\Users\benja\Desktop\ML\ml-project-r0890563\src\PPO-M\results,11520
ppo_kaz_2025-08-31_11-04-47_seed111,25,C:\Users\benja\Desktop\ML\ml-project-r0890563\src\PPO-M\results,14080
ppo_kaz_2025-08-31_11-04-47_seed111,30,C:\Users\benja\Desktop\ML\ml-project-r0890563\src\PPO-M\results,16640
ppo_kaz_2025-08-31_11-04-47_seed111,35,C:\Users\benja\Desktop\ML\ml-project-r0890563\src\PPO-M\results,19200
ppo_kaz_2025-08-31_11-04-47_seed111,40,C:\Users\benja\Desktop\ML\ml-project-r0890563\src\PPO-M\results,21760
ppo_kaz_2025-08-31_11-04-47_seed111,45,C:\Users\benja\Desktop\ML\ml-project-r0890563\src\PPO-M\results,24320
